{
  "title": "Answer",
  "description": "Representing an answer in a survey",
  "additionalProperties": false,
  "type": "object",
  "properties": {
    "type": {
      "enum": [
        "Answer"
      ],
      "default": "Answer",
      "type": "string"
    },
    "id": {
      "maxLength": 64,
      "type": "string"
    },
    "groupId": {
      "maxLength": 64,
      "type": "string"
    },
    "surveyId": {
      "maxLength": 64,
      "type": "string"
    },
    "questionId": {
      "maxLength": 64,
      "type": "string"
    },
    "provider": {
      "maxLength": 64,
      "type": "string"
    }
  },
  "required": [
    "type",
    "id",
    "questionId",
    "provider"
  ]
}
