{
  "title": "Connector Payment Response Message",
  "description": "Payment Response for of payment requests initiated by Connectors (ABC, etc)",
  "additionalProperties": false,
  "type": "object",
  "properties": {
    "type": {
      "enum": ["ConnectorPaymentResponse"],
      "default": "ConnectorPaymentResponse",
      "type": "string"
    },
    "requestIdentifier": {
      "type": "string",
      "maxLength": 64
    },
    "status": {
      "type": "boolean"
    },
    "errors": {
      "type": "array",
      "maxItems": 16,
      "items": {
        "type": "object",
        "additionalProperties": false,
        "properties": {
          "message": {
            "type": "string",
            "maxLength": 256
          }
        }
      }
    }
  },
  "required": ["type", "status"]
}
