{
    "title": "Error response from external channel",
    "description": "Error response from external channel with more detailed information",
    "additionalProperties": false,
    "type": "object",
    "properties": {
        "type": {
            "enum": [
                "errorResponse"
            ],
            "type": "string"
        },
        "source": {
            "type": "string",
            "maxLength": 32
        },
        "code": {
            "type": "number"
        },
        "subCode": {
            "type": "number"
        },
        "description": {
            "type": "string",
            "maxLength": 256
        }
    },
    "required": [
        "type",
        "source",
        "code"
    ]
}
