{
  "title": "Escalation Summary",
  "description": "Conversation Summary after Escalation",
  "additionalProperties": false,
  "type": "object",
  "properties": {
    "type": {
      "enum": ["EscalationSummary"],
      "default": "EscalationSummary",
      "type": "string"
    },
    "conversationDuration": {
      "type": "integer"
    },
    "escalationCause": {
      "type": "string",
      "maxLength": 64,
      "description": "One of the following values: 'escalated_by_user', 'escalated_by_bot', 'escalated_by_configuration', 'escalated_by_error'"
    },
    "escalatedDuringBusinessCase": {
      "maxLength": 256,
      "type": "string"
    },
    "businessCases": {
      "type": "array",
      "maxItems": 16,
      "items": {
        "type": "object",
        "additionalProperties": false,
        "properties": {
          "id": {
            "maxLength": 256,
            "type": "string"
          },
          "time": {
            "type": "integer"
          }
        }
      }
    }
  },
  "required": ["type"]
}