{
  "title": "IBM Watson Info",
  "description": "Information coming back from the IBM Watson virtual agent",
  "additionalProperties": false,
  "type": "object",
  "properties": {
    "type": {
      "enum": ["IBMWatsonInfo"],
      "default": "IBMWatsonInfo",
      "type": "string"
    },
    "branch_exited": {
      "type": "boolean"
    },
    "branch_exited_reason": {
      "maxLength": 64,
      "type": "string"
    },
    "current_turn_capability": {
      "maxLength": 256,
      "type": "string"
    },
    "nodes_visited": {
      "type": "array",
      "maxItems": 16,
      "items": {
        "maxLength": 64,
        "type": "string"
      }
    },
    "previous_turn_capability": {
      "maxLength": 256,
      "type": "string"
    },
    "previous_turn_nodes_visited": {
      "type": "array",
      "maxItems": 16,
      "items": {
        "maxLength": 256,
        "type": "string"
      }
    },
    "referred_visitor_message_sequences": {
      "type": "array",
      "maxItems": 16,
      "items": {
        "type": "integer"
      }
    },
    "entities": {
      "type": "array",
      "maxItems": 16,
      "items": {
        "type": "object",
        "additionalProperties": false,
        "properties": {
          "entity": {
            "type": "string",
            "maxLength": 256
          },
          "location": {
            "type": "array",
            "maxItems": 16,
            "items": {
              "type": "integer"
            }
          },
          "value": {
            "type": "string",
            "maxLength": 256
          }
        }
      }
    }
  },
  "required": ["type", "referred_visitor_message_sequences"]
}