{
	"title": "InvalidAnswer",
	"description": "Representing an invalid answer in a survey",
	"additionalProperties": false,
	"type": "object",
	"properties": {
		"type": {
			"enum": ["InvalidAnswer"],
			"default": "InvalidAnswer",
			"type": "string"
		},
		"groupId": {
			"maxLength": 64,
			"type": "string"
		},
		"surveyId": {
			"maxLength": 64,
			"type": "string"
		},
		"questionId": {
			"maxLength": 64,
			"type": "string"
		},
		"provider": {
			"maxLength": 64,
			"type": "string"
		}
	},
	"required" : ["type", "questionId", "surveyId", "provider"]
}
