{
    "title": "Message Reply Context",
    "description": "Message reply context details on the agent side on previous message, used only for whatsapp for now ",
    "additionalProperties": false,
    "type": "object",
    "properties": {
        "type": {
            "enum": [
                "MessageReplyContext"
            ],
            "default": "MessageReplyContext",
            "type": "string"
        },
        "whatsappExternalId": {
            "maxLength": 500,
            "type": "string"
        },
        "whatsappReplyToExternalId": {
            "maxLength": 500,
            "type": "string"
        },
        "whatsappReplyToMessageId": {
            "maxLength": 500,
            "type": "string"
        }
    }
}
