{
  "title": "Message Reply Policy",
  "description": "Message reply policy allows to build flows that expects non free-text responses",
  "additionalProperties": false,
  "type": "object",
  "properties": {
    "type": {
      "enum": ["MessageReplyPolicy"],
      "default": "MessageReplyPolicy",
      "type": "string"
    },
    "replyPolicy": {
      "enum": ["loose", "strict"],
      "default": "loose",
      "type": "string"
    },
    "replyMessage": {
      "type": "string",
      "maxLength": 128
    }
   },
   "required" : ["type", "replyPolicy"]
 }
