{
  "type": [
    "array",
    "null"
  ],
  "maxItems": 32,
  "items": {
    "oneOf": [
      {
        "$ref": "actionReason.json"
      },
      {
        "$ref": "businessEvent.json"
      },
      {
        "$ref": "botResponse.json"
      },
      {
        "$ref": "escalationSummary.json"
      },
      {
        "$ref": "externalId.json"
      },
      {
        "$ref": "IBMWatsonInfo.json"
      },
      {
        "$ref": "appleBusinessChatMessage.json"
      },
      {
        "$ref": "appleBusinessChatCustomMessage.json"
      },
      {
        "$ref": "survey.json"
      },
      {
        "$ref": "question.json"
      },
      {
        "$ref": "answer.json"
      },
      {
        "$ref": "invalidAnswer.json"
      },
      {
        "$ref": "predefinedResponse.json"
      },
      {
        "$ref": "connectorAuthRequest.json"
      },
      {
        "$ref": "connectorAuthResponse.json"
      },
      {
        "$ref": "connectorPaymentRequest.json"
      },
      {
        "$ref": "connectorPaymentResponse.json"
      },
      {
        "$ref": "messageReplyContext.json"
      },
      {
        "$ref": "messageReplyPolicy.json"
      },
      {
        "$ref": "connectorConversationControlNotification.json"
      },
      {
        "$ref": "connectorConversationControlCommand.json"
      },
      {
        "$ref": "conversationContentRequest.json"
      },
      {
        "$ref": "networkEffect.json"
      },
      {
        "$ref": "errorResponse.json"
      },
      {
        "$ref": "socialMessagingEventData.json"
      },
      {
        "$ref": "socialMessagingConversationData.json"
      },
      {
        "$ref": "paymentRequest.json"
      },
      {
        "$ref": "paymentResponse.json"
      },
      {
        "$ref": "cbBotResponseMetaData.json"
      },
      {
        "$ref": "../rich/scheduleSlot.json"
      },
      {
        "$ref": "datePickerResponse.json"
      }
    ]
  }
}
