{
  "title": "Network Effect",
  "description": "Information about content provider and conversation owner",
  "additionalProperties": false,
  "type": "object",
  "properties": {
    "type": {
      "enum": ["NetworkEffect"],
      "default": "NetworkEffect",
      "type": "string"
    },
    "contentProviderAccountId": {
      "maxLength": 64,
      "type": "string"
    },
    "conversationOwnerId": {
      "maxLength": 64,
      "type": "string"
    },
    "referenceId": {
      "maxLength": 256,
      "type": "string"
    }
  },
  "required": ["type", "contentProviderAccountId"]
}