{
    "title": "Payment Request Message",
    "description": "Payment request message for payment solution like Maven Pay, etc.",
    "type": "object",
    "additionalProperties": false,
    "properties": {
        "type": {
            "enum": ["PaymentRequest"],
            "default": "PaymentRequest",
            "type": "string"
        },
        "paymentType": {
            "type": "string",
            "maxLength": 64
        },
        "paymentTypeIconUrl": {
            "type": "string",
            "maxLength": 2048
        },
        "paymentUrl": {
            "type": "string",
            "maxLength": 2048
        },
        "brandName": {
            "type": "string",
            "maxLength": 64
        },
        "subtotalAmount": {
            "type": "string",
            "maxLength": 10
        },
        "currencyCode": {
            "type": "string",
            "maxLength": 3
        },
        "brandTransactionLabel": {
            "type": "string",
            "maxLength": 128
        },
        "brandTransactionId": {
            "type": "string",
            "maxLength": 128
        },
        "lineItems": {
            "type": "array",
            "maxItems": 100,
            "items": {
                "type": "object",
                "additionalProperties": false,
                "properties": {
                    "name": {
                        "type": "string",
                        "maxLength": 64
                    },
                    "description": {
                        "type": "string",
                        "maxLength": 256
                    },
                    "lineItemId": {
                        "type": "string",
                        "maxLength": 64
                    },
                    "variantId": {
                        "type": "string",
                        "maxLength": 64
                    },
                    "price": {
                        "type": "string",
                        "maxLength": 20
                    },
                    "imageUrl": {
                        "type": "string",
                        "maxLength": 256
                    },
                    "calcPrice": {
                        "type": "string",
                        "maxLength": 10
                    }
                }
            }
        },
        "customerAccountNumber": {
            "type": "string",
            "maxLength": 128
        },
        "transactionDateTime": {
            "type": "string",
            "maxLength": 100
        },
        "brandImageUrl": {
            "type": "string",
            "maxLength": 2048
        },
        "paymentTitle": {
            "type": "string",
            "maxLength": 256
        },
        "payButtonText": {
            "type": "string",
            "maxLength": 128
        },
        "language": {
            "type": "string",
            "maxLength": 10
        }
    },
    "required": [
        "type"
    ]
}