{
    "title": "Payment Response Message",
    "description": "Payment response message for payment solution like Maven Pay, etc...",
    "type": "object",
    "additionalProperties": false,
    "properties": {
        "type": {
            "enum": ["PaymentResponse"],
            "default": "PaymentResponse",
            "type": "string"
        },
        "paymentType": {
            "type": "string",
            "maxLength": 64
        },
        "paymentTypeIconUrl": {
            "type": "string",
            "maxLength": 2048
        },
        "brandName": {
            "type": "string",
            "maxLength": 64
        },
        "brandAddress": {
            "type": "object",
            "additionalProperties": false,
            "properties": {
                "city": {
                    "type": "string",
                    "maxLength": 100
                },
                "state": {
                    "type": "string",
                    "maxLength": 100
                },
                "country": {
                    "type": "string",
                    "maxLength": 100
                }
            }
        },
        "transactionTotalAmount": {
            "type": "string",
            "maxLength": 10
        },
        "currencyCode": {
            "type": "string",
            "maxLength": 3
        },
        "transactionId": {
            "type": "string",
            "maxLength": 100
        },
        "transactionLabel": {
            "type": "string",
            "maxLength": 128
        },
        "transactionStatus": {
            "type": "string",
            "maxLength": 20
        },
        "orderNumber": {
            "type": "string",
            "maxLength": 100
        },
        "transactionDateTime": {
            "type": "string",
            "maxLength": 100
        },
        "paymentGatewayTransactionId": {
            "type": "string",
            "maxLength": 100
        },
        "lineItems": {
            "type": "array",
            "maxItems": 100,
            "items": {
                "type": "object",
                "additionalProperties": false,
                "properties": {
                    "name": {
                        "type": "string",
                        "maxLength": 64
                    },
                    "description": {
                        "type": "string",
                        "maxLength": 256
                    },
                    "lineItemId": {
                        "type": "string",
                        "maxLength": 64
                    },
                    "variantId": {
                        "type": "string",
                        "maxLength": 64
                    },
                    "price": {
                        "type": "string",
                        "maxLength": 20
                    },
                    "imageUrl": {
                        "type": "string",
                        "maxLength": 256
                    },
                    "calcPrice": {
                        "type": "string",
                        "maxLength": 10
                    }
                }
            }
        },
        "shippingMethod": {
            "type": "string",
            "maxLength": 64
        },
        "shippingCost": {
            "type": "string",
            "maxLength": 20
        },
        "totalTax": {
            "type": "string",
            "maxLength": 20
        },
        "transactionErrorCode": {
            "type": "string",
            "maxLength": 20
        },
        "transactionErrorMessage": {
            "type": "string",
            "maxLength": 1000
        }
    },
    "required": [
        "type"
    ]
}