{
  "title": "Predefined content response",
  "description": "Information regarding the predefined response sent by the agent",
  "additionalProperties": false,
  "type": "object",
  "properties": {
    "type": {
      "enum": ["PredefinedResponse"],
      "default": "PredefinedResponse",
      "type": "string"
    },
    "id": {
      "type": "number",
      "description": "predefined response id"
    },
    "categoryId": {
      "type": "number",
      "description": "predefined response category id"
    },
    "edited": {
      "type": "boolean",
      "description": "was the predefined response edited before it was sent"
    }
  },
  "required" : ["type","id"]
}
