{
	"title": "Question",
	"description": "Representing a question in a survey",
	"additionalProperties": false,
	"type": "object",
	"properties": {
		"type": {
			"enum": ["Question"],
			"default": "Question",
			"type": "string"
		},
		"id": {
			"maxLength": 64,
			"type": "string"
		},
		"groupId": {
			"maxLength": 64,
			"type": "string"
		},
		"surveyId": {
			"maxLength": 64,
			"type": "string"
		},
		"provider": {
			"maxLength": 64,
			"type": "string"
		},
		"replies": {
			"type": "array",
			"minItems": 1,
			"maxItems": 24,
			"items": {
				"type": "string",
				"maxLength": 64,
				"additionalProperties" : false
			}
		}
	},
	"required" : ["type","id","replies", "surveyId", "provider"]
}
