{
  "$schema": "http://json-schema.org/draft/2019-09/schema#",
  "title": "notification",
  "type": "object",
  "additionalProperties": false,
  "properties": {
    "kind": {
      "type": "string",
      "enum": [
        "notification"
      ],
      "default": "notification",
      "options": {
        "hidden": true
      }
    },
    "body": {
      "oneOf": [
        {
          "$ref": "ExConversationChangeNotification.json"
        },
        {
          "$ref": "MessagingEventNotification.json"
        }
      ]
    },
    "type" : {
      "type": "string",
      "enum": [
        "cqm.ExConversationChangeNotification",
        "ms.MessagingEventNotification"
      ]
    }
  },
  "required": [
    "kind"
  ]
}
