{
  "type": "object",
  "title": "quickReplies",
  "additionalProperties": false,
  "properties": {
    "type": {
      "type": "string",
      "enum": [
        "quickReplies"
      ],
      "default": "quickReplies",
      "readonly": true
    },
    "itemsPerRow": {
      "type": "number",
      "min": 1,
      "max": 8
    },
    "isAbcQuickReply": {
      "type": "boolean"
    },
    "accessibility": {
      "type": "object",
      "additionalProperties": false,
      "properties": {
        "web": {
          "$ref": "../rich/accessibilityWeb.json"
        }
      }
    },
    "replies": {
      "type": "array",
      "minItems": 1,
      "maxItems": 24,
      "items": {
        "$ref": "../rich/button.json"
      }
    }
  },
  "required": [
    "type",
    "itemsPerRow",
    "replies"
  ]
}
