{
  "type": "object",
  "additionalProperties": false,
  "title": "buttonList",
  "properties": {
    "type": {
      "type": "string",
      "enum": [
        "buttonList"
      ],
      "default": "buttonList",
      "readonly": true
    },
    "tooltip": {
      "type": "string",
      "maxLength": 256
    },
    "padding": {
      "type": "number",
      "default": 0,
      "minimum": 0,
      "maximum": 10
    },
    "elements": {
      "type": "array",
      "minItems": 1,
      "maxItems": 2,
      "items": [
        {
          "$ref": "submitButton.json"
        },
        {
          "anyOf": [
            {
              "$ref": "button.json"
            }
          ]
        }
      ]
    },
    "alt": {
      "type": "string",
      "maxLength": 2000
    }
  },
  "required": [
    "type",
    "elements"
  ]
}
