{
  "definitions": {
    "submitAsText": {
      "title": "Submit As Text",
      "type": "object",
      "additionalProperties": false,
      "properties": {
        "type": {
          "type": "string",
          "enum": [
            "submitAsText"
          ],
          "default": "submitAsText",
          "readonly": true
        },
        "submit": {
          "type": "boolean",
          "default": false
        },
        "accessibility": {
          "type": "object",
          "additionalProperties": false,
          "properties": {
            "web": {
              "$ref": "accessibilityWeb.json"
            }
          }
        }
      },
      "required": [
        "type",
        "submit"
      ]
    },
    "checked": {
      "title": "checked",
      "type": "object",
      "additionalProperties" : false,
      "properties": {
        "type": {
          "type": "string",
          "enum": ["checked"],
          "default": "checked",
          "readonly": true
        },
        "publishText": {
          "type": "string",
          "maxLength": 250
        },
        "accessibility": {
          "type": "object",
          "additionalProperties": false,
          "properties": {
            "web": {
              "$ref": "accessibilityWeb.json"
            }
          }
        }
      },
      "required": ["type", "publishText"]
    }
  }
}
