{
  "type": "object",
  "additionalProperties": false,
  "properties": {
    "background-color": {
      "type": "string",
      "format": "color",
      "maxLength": 256
    },
    "border-color": {
      "type": "string",
      "format": "color",
      "maxLength": 256
    },
    "border-radius": {
      "type": "number"
    },
    "bold": {
      "type": "boolean"
    },
    "italic": {
      "type": "boolean"
    },
    "color": {
      "type": "string",
      "format": "color",
      "maxLength": 256
    },
    "size": {
      "type": "string",
      "enum": ["small", "medium", "large"]
    }
  }
}
