{
  "type": "object",
  "additionalProperties" : false,
  "title": "submitButton",
  "properties": {
    "type": {
      "type": "string",
      "enum": ["submitButton"],
      "default": "submitButton",
      "readonly": true
    },
    "title": {
      "type": "string",
      "maxLength": 128
    },
    "rtl": {
      "type": "boolean"
    },
    "tooltip": {
      "type": "string",
      "maxLength": 256
    },
    "tag": {
      "type": "string",
      "maxLength": 64
    },
    "tagVersion": {
      "type": "string",
      "maxLength": 64
    },
    "style": {
      "$ref": "style.json"
    },
    "alt": {
      "type": "string",
      "maxLength": 2000
    },
    "disabled": {
      "type": "boolean",
      "default": false
    },
    "click": {
      "type": "object",
      "additionalProperties" : false,
      "properties": {
        "actions": {
          "type": "array",
          "maxItems": 4,
          "items": {
            "$ref": "specialAction.json#/definitions/submitAsText"
          }
        },
        "metadata": {
          "$ref":"../metadata/metadata.json"
        }
      }
    },
    "accessibility": {
      "type": "object",
      "additionalProperties": false,
      "properties": {
        "web": {
          "$ref": "accessibilityWeb.json"
        }
      }
    }
  },
  "required": [
    "type",
    "title",
    "click"
  ]
}
