{
  "title": "Personal Infomration",
  "description": "Personal Infomration",
  "type": "object",
  "additionalProperties": false,
  "properties": {
    "type": {
      "type": "string",
      "enum": ["personal"]
    },
    "personal": {
      "type": "object",
      "additionalProperties": false,
      "properties": {
        "firstname": {
          "maxLength": 256,
          "type": "string",
          "encryption": "optional"
        },
        "lastname": {
          "maxLength": 256,
          "type": "string",
          "encryption": "optional"
        },
        "age": {
          "type": "object",
          "additionalProperties": false,
          "properties": {
            "age": {
              "type": "integer"
            },
            "year": {
              "type": "integer"
            },
            "month": {
              "type": "integer"
            },
            "day": {
              "type": "integer"
            }
          }
        },
        "contacts": {
          "type": "array",
          "maxItems": 5,
          "items": {
            "type": "object",
            "additionalProperties": false,
            "properties": {
              "email": {
                "type": "string",
                "maxLength": 256,
                "encryption": "optional"
              },
              "phone": {
                "maxLength": 100,
                "type": "string"
              },
              "address": {
                "type": "object",
                "additionalProperties": false,
                "properties": {
                  "country": {
                    "type": "string",
                    "maxLength": 100 
                  },
                  "region": {
                    "type": "string",
                    "maxLength": 100
                  },
                  "zipCode": {
                    "type": "string",
                    "maxLength": 10
                  }
                }
              }
            }
          }
        },
        "gender": {
          "maxLength": 20,
          "type": "string",
          "enum": [
            "MALE",
            "FEMALE",
            "OTHER"
          ]
        },
        "language": {
          "maxLength": 100,
          "type": "string"
        },
        "company": {
          "maxLength": 256,
          "type": "string",
          "description": "Company name."
        }
      }
    }
  },
  "required": [
    "type",
    "personal"
  ]
}
